﻿<?xml version="1.0" encoding="utf-8"?>
<Items>
  <Item name="" identifier="CWC_5.56" category="Weapon" interactthroughwalls="true" cargocontaineridentifier="metalcrate" tags="smallitem" impactsoundtag="impact_metal_light" hideinmenus="true" scale="0.5">
    <InventoryIcon texture="Content/Items/InventoryIconAtlas.png" sourcerect="896,960,64,64" origin="0.5,0.5" />
    <Sprite texture="Content/Items/Weapons/weapons_new.png" sourcerect="195,282,17,6" depth="0.55" origin="0.5,0.5" />
    <Body width="40" height="14" density="30" />
    <Pickable slots="Any" msg="ItemMsgPickUpSelect" />
    <Projectile characterusable="false" hitscan="true" removeonhit="true">
      <ParticleEmitter particle="tracerfirearm" particleamount="1" velocitymin="0" velocitymax="0" colormultiplier="255,255,115,175" scalemultiplier="1,0.6" />
      <Attack structuredamage="4" targetforce="5" itemdamage="4" severlimbsprobability="0.1">
        <Affliction identifier="gunshotwound" strength="40" />
        <Affliction identifier="bleeding" strength="20" />
        <Affliction identifier="stun" strength="0.2" probability="0.1" />
      </Attack>
      <StatusEffect type="OnImpact" target="UseTarget">
        <ParticleEmitter particle="impactfirearm" particleamount="1" velocitymin="0" velocitymax="0" />
      </StatusEffect>
      <StatusEffect type="OnImpact" target="UseTarget">
        <Conditional entitytype="eq Structure" />
        <Conditional hastag="eq door" />
        <ParticleEmitter particle="spark" copyentityangle="true" anglemin="-10" anglemax="10" particleamount="5" velocitymin="-10" velocitymax="-200" scalemin="0.5" scalemax="1" />
      </StatusEffect>
      <!-- smg rounds should not exist outside magazines -->
      <StatusEffect type="OnNotContained" target="This" stackable="false" delay="1">
        <Remove />
      </StatusEffect>
    </Projectile>
    <Upgrade gameversion="0.10.0.0" scale="0.5" />
  </Item>
  <Item name="" identifier="CWC_9mm" category="Weapon" interactthroughwalls="true" cargocontaineridentifier="metalcrate" tags="smallitem" impactsoundtag="impact_metal_light" hideinmenus="true" scale="0.5">
    <InventoryIcon texture="Content/Items/InventoryIconAtlas.png" sourcerect="896,960,64,64" origin="0.5,0.5" />
    <Sprite texture="Content/Items/Weapons/weapons_new.png" sourcerect="195,282,17,6" depth="0.55" origin="0.5,0.5" />
    <Body width="40" height="14" density="12" />
    <Pickable slots="Any" msg="ItemMsgPickUpSelect" />
    <Projectile characterusable="false" hitscan="true" removeonhit="true">
      <ParticleEmitter particle="tracerfirearm" particleamount="1" velocitymin="0" velocitymax="0" colormultiplier="255,255,115,175" scalemultiplier="1,0.6" />
      <Attack structuredamage="4" targetforce="5" itemdamage="4" severlimbsprobability="0.1">
        <Affliction identifier="gunshotwound" strength="25" />
        <Affliction identifier="bleeding" strength="10" />
        <Affliction identifier="stun" strength="0.1" probability="0.1" />
      </Attack>
      <StatusEffect type="OnImpact" target="UseTarget">
        <ParticleEmitter particle="impactfirearm" particleamount="1" velocitymin="0" velocitymax="0" />
      </StatusEffect>
      <StatusEffect type="OnImpact" target="UseTarget">
        <Conditional entitytype="eq Structure" />
        <Conditional hastag="eq door" />
        <ParticleEmitter particle="spark" copyentityangle="true" anglemin="-10" anglemax="10" particleamount="5" velocitymin="-10" velocitymax="-200" scalemin="0.5" scalemax="1" />
      </StatusEffect>
      <!-- smg rounds should not exist outside magazines -->
      <StatusEffect type="OnNotContained" target="This" stackable="false" delay="1">
        <Remove />
      </StatusEffect>
    </Projectile>
    <Upgrade gameversion="0.10.0.0" scale="0.5" />
  </Item>
</Items>