﻿<?xml version="1.0" encoding="utf-8"?>
<Items>
  <Item name="Morita MK.2 (Assault)" identifier="ST_MortiaMK2A" category="Weapon" cargocontaineridentifier="metalcrate" allowasextracargo="true" tags="mediumitem,weapon,gun,gunsmith,mountableweapon,provocativetohumanai" Scale="0.5" impactsoundtag="impact_metal_light">
    <PreferredContainer primary="secarmcab" secondary="armcab,weaponholder" />
    <Price baseprice="720" sold="false">
      <Price storeidentifier="merchantoutpost" multiplier="1.5" />
      <Price storeidentifier="merchantcity" multiplier="1.25" />
      <Price storeidentifier="merchantresearch" multiplier="1.25" />
      <Price storeidentifier="merchantmilitary" multiplier="0.9" />
      <Price storeidentifier="merchantmine" multiplier="1.25" />
    </Price>
    <Fabricate suitablefabricators="fabricator" requiredtime="75" requiresrecipe="false">
      <RequiredSkill identifier="weapons" level="65" />
      <RequiredItem identifier="physicorium" amount="2" />
      <RequiredItem identifier="titaniumaluminiumalloy" amount="3" />
      <RequiredItem identifier="rubber" />
    </Fabricate>
    <Deconstruct time="35">
      <Item identifier="physicorium" amount="2" />
      <Item identifier="titaniumaluminiumalloy" amount="2" />
      <Item identifier="rubber" />
    </Deconstruct>
    <InventoryIcon texture="%ModDir%/Items/Guns/Federation_guns1.png" sourcerect="237,420,229,50" origin="0.5,0.5" />
    <Sprite texture="%ModDir%/Items/Guns/Federation_guns1.png" sourcerect="237,419,229,51" depth="0.55" origin="0.55813956,0.52747256" />
    <Body width="220" height="50" density="25" />
    <Holdable slots="RightHand+LeftHand" controlpose="true" holdpos="45,-20" aimpos="57,-5" handle1="-20,-10" handle2="20,10" holdangle="-30">
      <StatusEffect type="OnActive" target="Character" SpeedMultiplier="0.9" setvalue="true" />
    </Holdable>
    <Wearable slots="Bag" msg="ItemMsgEquipSelect" canbeselected="false" canbepicked="true" pickkey="Select">
      <sprite name="Assault Rifle Worn" texture="%ModDir%/Items/Guns/Federation_guns1.png" canbehiddenbyotherwearables="false" rotation="340" depth="0.6" sourcerect="234,342,231,65" limb="Waist" depthlimb="LeftArm" scale="0.5" origin="0.46210116,0.38771883" />
    </Wearable>
    <RangedWeapon reload="0.15" holdtrigger="true" barrelpos="100,20" spread="4" unskilledspread="16" combatPriority="80" drawhudwhenequipped="true" crosshairscale="0.2">
      <Crosshair texture="Content/Items/Weapons/Crosshairs.png" sourcerect="0,256,256,256" />
      <CrosshairPointer texture="Content/Items/Weapons/Crosshairs.png" sourcerect="256,256,256,256" />
      <ParticleEmitter particle="impactfirearm" particleamount="1" velocitymin="0" velocitymax="0" scalemultiplier="4.0,4.0" colormultiplier="255,200,200,200" />
      <Sound file="%ModDir%/Items/NATO/Weapons/m16.ogg" type="OnUse" range="3000" selectionmode="Random" />
      <StatusEffect type="OnUse" target="This">
        <ParticleEmitter particle="casingfirearm" particleamount="1" anglemin="90" anglemax="150" velocitymin="50" velocitymax="250" CopyEntityAngle="true" />
        <Explosion range="150.0" force="1" shockwave="false" smoke="false" flames="false" sparks="false" underwaterbubble="false" camerashake="12.0" />
      </StatusEffect>
      <StatusEffect type="OnUse" target="Contained">
        <Use />
      </StatusEffect>
      <RequiredItems items="ST_Moritamag" type="Contained" msg="ItemMsgAmmoRequired" />
      <RequiredSkill identifier="weapons" level="50" />
    </RangedWeapon>
    <ItemContainer capacity="1" maxstacksize="1" hideitems="false" containedstateindicatorslot="0" containedstateindicatorstyle="bullet" containedspritedepth="0.56">
      <Containable items="ST_Moritamag" itempos="-51,-2" />
      <SlotIcon slotindex="0" texture="Content/UI/StatusMonitorUI.png" sourcerect="256,448,64,64" origin="0.5,0.5" />
      <SlotIcon slotindex="1" texture="Content/UI/StatusMonitorUI.png" sourcerect="320,448,64,64" origin="0.5,0.5" />
      <SubContainer capacity="1" maxstacksize="1">
        <Containable items="flashlight" hide="false" itempos="24,4" setactive="true" />
      </SubContainer>
    </ItemContainer>
    <aitarget sightrange="2000" soundrange="4000" fadeouttime="5" />
    <Quality>
      <QualityStat stattype="FirepowerMultiplier" value="0.1" />
    </Quality>
    <SkillRequirementHint identifier="weapons" level="50" />
  </Item>
  <Item name="Morita MK.1 Carbine" identifier="ST_MortiaMK1C" category="Weapon" cargocontaineridentifier="metalcrate" allowasextracargo="true" tags="mediumitem,weapon,gun,gunsmith,mountableweapon,provocativetohumanai" Scale="0.5" impactsoundtag="impact_metal_light">
    <PreferredContainer primary="secarmcab" secondary="armcab,weaponholder" />
    <Price baseprice="720" sold="false">
      <Price storeidentifier="merchantoutpost" multiplier="1.5" />
      <Price storeidentifier="merchantcity" multiplier="1.25" />
      <Price storeidentifier="merchantresearch" multiplier="1.25" />
      <Price storeidentifier="merchantmilitary" multiplier="0.9" />
      <Price storeidentifier="merchantmine" multiplier="1.25" />
    </Price>
    <Fabricate suitablefabricators="fabricator" requiredtime="75" requiresrecipe="false">
      <RequiredSkill identifier="weapons" level="65" />
      <RequiredItem identifier="physicorium" amount="2" />
      <RequiredItem identifier="titaniumaluminiumalloy" amount="3" />
      <RequiredItem identifier="rubber" />
    </Fabricate>
    <Deconstruct time="35">
      <Item identifier="physicorium" amount="2" />
      <Item identifier="titaniumaluminiumalloy" amount="2" />
      <Item identifier="rubber" />
    </Deconstruct>
    <InventoryIcon texture="%ModDir%/Items/Guns/Federation_guns1.png" sourcerect="236,190,182,64" origin="0.5,0.5" />
    <Sprite texture="%ModDir%/Items/Guns/Federation_guns1.png" sourcerect="234,265,185,56" depth="0.55" origin="0.55813956,0.52747256" />
    <Body width="220" height="50" density="25" />
    <Holdable slots="RightHand+LeftHand" controlpose="true" holdpos="45,-20" aimpos="57,-5" handle1="-20,-10" handle2="20,10" holdangle="-30">
      <StatusEffect type="OnActive" target="Character" SpeedMultiplier="0.9" setvalue="true" />
    </Holdable>
    <Wearable slots="Bag" msg="ItemMsgEquipSelect" canbeselected="false" canbepicked="true" pickkey="Select">
      <sprite name="Carbine worn" texture="%ModDir%/Items/Guns/Federation_guns1.png" canbehiddenbyotherwearables="false" rotation="340" depth="0.6" sourcerect="235,190,183,64" limb="Waist" depthlimb="LeftArm" scale="0.5" origin="0.46210116,0.38771883" />
    </Wearable>
    <RangedWeapon reload="0.5" holdtrigger="true" barrelpos="100,20" spread="4" unskilledspread="16" combatPriority="80" drawhudwhenequipped="true" crosshairscale="0.2">
      <Crosshair texture="Content/Items/Weapons/Crosshairs.png" sourcerect="0,256,256,256" />
      <CrosshairPointer texture="Content/Items/Weapons/Crosshairs.png" sourcerect="256,256,256,256" />
      <ParticleEmitter particle="impactfirearm" particleamount="1" velocitymin="0" velocitymax="0" scalemultiplier="4.0,4.0" colormultiplier="255,200,200,200" />
      <Sound file="%ModDir%/Items/NATO/Weapons/m16.ogg" type="OnUse" range="3000" selectionmode="Random" />
      <StatusEffect type="OnUse" target="This">
        <ParticleEmitter particle="casingfirearm" particleamount="1" anglemin="90" anglemax="150" velocitymin="50" velocitymax="250" CopyEntityAngle="true" />
        <Explosion range="150.0" force="1" shockwave="false" smoke="false" flames="false" sparks="false" underwaterbubble="false" camerashake="12.0" />
      </StatusEffect>
      <StatusEffect type="OnUse" target="Contained">
        <Use />
      </StatusEffect>
      <RequiredItems items="ST_Moritamag" type="Contained" msg="ItemMsgAmmoRequired" />
      <RequiredSkill identifier="weapons" level="50" />
    </RangedWeapon>
    <ItemContainer capacity="1" maxstacksize="1" hideitems="false" containedstateindicatorslot="0" containedstateindicatorstyle="bullet" containedspritedepth="0.56">
      <Containable items="ST_Moritamag" itempos="-41,-2" />
      <SlotIcon slotindex="0" texture="Content/UI/StatusMonitorUI.png" sourcerect="256,448,64,64" origin="0.5,0.5" />
      <SlotIcon slotindex="1" texture="Content/UI/StatusMonitorUI.png" sourcerect="320,448,64,64" origin="0.5,0.5" />
      <SubContainer capacity="1" maxstacksize="1">
        <Containable items="flashlight" hide="false" itempos="24,4" setactive="true" />
      </SubContainer>
    </ItemContainer>
    <aitarget sightrange="2000" soundrange="4000" fadeouttime="5" />
    <Quality>
      <QualityStat stattype="FirepowerMultiplier" value="0.1" />
    </Quality>
    <SkillRequirementHint identifier="weapons" level="50" />
  </Item>
  <Item name="Morita Magazine" identifier="ST_Moritamag" maxstacksize="8" maxstacksizecharacterinventory="2" scale="0.5" category="Weapon" allowasextracargo="true" cargocontaineridentifier="metalcrate" linkable="true" tags="smallitem,assaultrifleammo,handheldammo" impactsoundtag="impact_metal_light">
    <PreferredContainer primary="assaultrifle" minamount="1" maxamount="1" spawnprobability="1" />
    <PreferredContainer primary="armcab" secondary="secarmcab" />
    <Price baseprice="300" sold="false" minleveldifficulty="60" displaynonempty="true">
      <Price storeidentifier="merchantoutpost" multiplier="1.4" />
      <Price storeidentifier="merchantcity" multiplier="1.25" />
      <Price storeidentifier="merchantresearch" multiplier="1.25" />
      <Price storeidentifier="merchantmilitary" sold="true" multiplier="0.9" minavailable="0" maxavailable="4" />
      <Price storeidentifier="merchantmine" multiplier="1.25" />
    </Price>
    <Fabricate suitablefabricators="fabricator" requiredtime="35" requiresrecipe="true">
      <RequiredSkill identifier="weapons" level="40" />
      <RequiredItem identifier="magnesium" />
      <RequiredItem tag="advmunition_tip" description="fabricationdescription.advmunition_tip" />
      <RequiredItem tag="advmunition_core" description="fabricationdescription.advmunition_core" />
      <RequiredItem tag="advmunition_jacket" description="fabricationdescription.advmunition_jacket" />
      <RequiredItem identifier="steel" />
    </Fabricate>
    <Fabricate suitablefabricators="fabricator" requiredtime="35" displayname="recycleitem" requiresrecipe="true">
      <RequiredSkill identifier="weapons" level="40" />
      <RequiredItem identifier="magnesium" />
      <RequiredItem tag="advmunition_tip" description="fabricationdescription.advmunition_tip" />
      <RequiredItem tag="advmunition_core" description="fabricationdescription.advmunition_core" />
      <RequiredItem tag="advmunition_jacket" description="fabricationdescription.advmunition_jacket" />
      <RequiredItem identifier="CWC_M16mag" mincondition="0.0" maxcondition="0.1" usecondition="false" />
    </Fabricate>
    <Deconstruct time="15">
      <Item identifier="steel" />
    </Deconstruct>
    <InventoryIcon texture="%ModDir%/Items/Guns/Federation_guns1.png" sourcerect="134,347,27,41" origin="0.49173167,0.46976575" />
    <Sprite texture="%ModDir%/Items/Guns/Federation_guns1.png" sourcerect="134,347,27,41" depth="0.55" origin="0.41617498,0.42380437" />
    <Body width="28" height="40" density="25" />
    <ItemContainer hideitems="true" capacity="1" drawinventory="false" canbeselected="false" ShowConditionInContainedStateIndicator="true" SpawnWithId="CWC_5.56" removecontaineditemsondeconstruct="true" containedstateindicatorstyle="bullet">
      <Containable items="CWC_5.56" />
      <StatusEffect type="OnUse" target="This" condition="-3.3" disabledeltatime="true">
        <SpawnItem identifiers="CWC_5.56" spawnposition="ThisInventory" />
      </StatusEffect>
    </ItemContainer>
    <Holdable canBeCombined="true" slots="Any,RightHand,LeftHand" handle1="0,0" msg="ItemMsgPickUpSelect" />
  </Item>
  <Item name="MX-90 Fragmentation grenade" identifier="ST_MX90" category="Weapon" maxstacksize="16" maxstacksizecharacterinventory="4" cargocontaineridentifier="explosivecrate" tags="smallitem,weapon,explosive,demolitionsexpert,handgrenade" scale="0.5" impactsoundtag="impact_metal_heavy">
    <PreferredContainer primary="secarmcab" minamount="1" maxamount="3" spawnprobability="0.75" notcampaign="true" />
    <PreferredContainer secondary="wreckarmcab,abandonedarmcab,piratearmcab" minamount="1" maxamount="2" spawnprobability="0.2" />
    <PreferredContainer secondary="armcab" />
    <Upgrade gameversion="0.9.3.0" scale="0.5" />
    <Price baseprice="150">
      <Price storeidentifier="merchantoutpost" sold="false" multiplier="1.35" />
      <Price storeidentifier="merchantcity" multiplier="1.25" minavailable="2" sold="false" />
      <Price storeidentifier="merchantresearch" sold="false" multiplier="1.25" />
      <Price storeidentifier="merchantmilitary" multiplier="0.9" minavailable="3" />
      <Price storeidentifier="merchantmine" sold="false" multiplier="1.25" />
      <Price storeidentifier="merchantarmory" multiplier="0.9" minavailable="3" />
    </Price>
    <Deconstruct time="10">
      <Item identifier="iron" />
      <Item identifier="flashpowder" />
    </Deconstruct>
    <Fabricate suitablefabricators="fabricator" requiredtime="20">
      <RequiredSkill identifier="weapons" level="60" />
      <RequiredItem identifier="steel" />
      <RequiredItem identifier="uex" />
    </Fabricate>
    <InventoryIcon texture="%ModDir%/Items/Guns/Federation_guns1.png" sourcerect="178,348,19,42" origin="0.5,0.5" />
    <Sprite texture="%ModDir%/Items/Guns/Federation_guns1.png" sourcerect="178,348,19,42" depth="0.55" origin="0.5,0.5" />
    <Body radius="20" height="10" density="30" />
    <ItemComponent characterusable="false">
      <!-- statuseffect that explodes the grenade when used by something else than a character (e.g. a detonator) -->
      <StatusEffect type="OnUse" target="This" Condition="-100.0" disabledeltatime="true" />
      <StatusEffect type="OnBroken" target="This">
        <sound file="Content/Items/Weapons/ExplosionMedium1.ogg" range="5000" />
        <sound file="Content/Items/Weapons/ExplosionMedium2.ogg" range="5000" />
        <sound file="Content/Items/Weapons/ExplosionMedium3.ogg" range="5000" />
        <Explosion range="375.0" ballastfloradamage="100" structuredamage="20" levelwalldamage="140" itemdamage="1000" force="5" severlimbsprobability="0.8" debris="true" decal="explosion" decalsize="0.5">
          <Affliction identifier="explosiondamage" strength="150" />
          <Affliction identifier="bleeding" strength="100" />
          <Affliction identifier="bleeding" strength="50" probability="0.1" dividebylimbcount="false" />
          <Affliction identifier="stun" strength="7" />
        </Explosion>
        <Remove />
      </StatusEffect>
      <StatusEffect type="OnBroken" target="This">
        <sound file="Content/Items/Weapons/ExplosionDebris1.ogg" range="3500" />
        <sound file="Content/Items/Weapons/ExplosionDebris2.ogg" range="3500" />
      </StatusEffect>
    </ItemComponent>
    <Throwable slots="Any,RightHand,LeftHand" holdpos="0,0" handle1="0,0" throwforce="4.0" msg="ItemMsgPickUpSelect">
      <StatusEffect type="OnSecondaryUse" target="This" Condition="-100.0" delay="5.0" disabledeltatime="true" checkconditionalalways="true" />
    </Throwable>
    <Quality>
      <QualityStat stattype="ExplosionRadius" value="0.1" />
      <QualityStat stattype="ExplosionDamage" value="0.1" />
    </Quality>
  </Item>
  <Item name="Vektor CP1" identifier="ST_VekCP1" category="Weapon" cargocontaineridentifier="metalcrate" allowasextracargo="true" tags="smallitem,weapon,gun,gunsmith,mountableweapon,provocativetohumanai" Scale="0.5" impactsoundtag="impact_metal_light">
    <PreferredContainer primary="secarmcab" secondary="armcab,weaponholder" />
    <Price baseprice="720" sold="false">
      <Price storeidentifier="merchantoutpost" multiplier="1.5" />
      <Price storeidentifier="merchantcity" multiplier="1.25" />
      <Price storeidentifier="merchantresearch" multiplier="1.25" />
      <Price storeidentifier="merchantmilitary" multiplier="0.9" />
      <Price storeidentifier="merchantmine" multiplier="1.25" />
    </Price>
    <Fabricate suitablefabricators="fabricator" requiredtime="75" requiresrecipe="false">
      <RequiredSkill identifier="weapons" level="65" />
      <RequiredItem identifier="titaniumaluminiumalloy" amount="3" />
      <RequiredItem identifier="rubber" />
    </Fabricate>
    <Deconstruct time="35">
      <Item identifier="titaniumaluminiumalloy" amount="2" />
      <Item identifier="rubber" />
    </Deconstruct>
    <InventoryIcon texture="%ModDir%/Items/Guns/Federation_guns1.png" sourcerect="38,344,54,43" origin="0.5,0.5" />
    <Sprite texture="%ModDir%/Items/Guns/Federation_guns1.png" sourcerect="38,344,54,43" depth="0.55" origin="0.44588694,0.56796503" />
    <Body width="220" height="50" density="25" />
    <Holdable slots="Any,RightHand,LeftHand" controlpose="true" holdpos="45,-20" aimpos="57,-5" handle1="-20,-10" handle2="-20,-10" holdangle="-30">
      <StatusEffect type="OnActive" target="Character" SpeedMultiplier="0.9" setvalue="true" />
    </Holdable>
    <RangedWeapon reload="0.50" holdtrigger="false" barrelpos="100,20" spread="0" unskilledspread="16" combatPriority="80" drawhudwhenequipped="true" crosshairscale="0.2">
      <Crosshair texture="Content/Items/Weapons/Crosshairs.png" sourcerect="0,256,256,256" />
      <CrosshairPointer texture="Content/Items/Weapons/Crosshairs.png" sourcerect="256,256,256,256" />
      <ParticleEmitter particle="impactfirearm" particleamount="1" velocitymin="0" velocitymax="0" scalemultiplier="4.0,4.0" colormultiplier="255,200,200,200" />
      <Sound file="%ModDir%/Items/NATO/Weapons/m16.ogg" type="OnUse" range="3000" selectionmode="Random" />
      <StatusEffect type="OnUse" target="This">
        <ParticleEmitter particle="casingfirearm" particleamount="1" anglemin="90" anglemax="150" velocitymin="50" velocitymax="250" CopyEntityAngle="true" />
        <Explosion range="150.0" force="1" shockwave="false" smoke="false" flames="false" sparks="false" underwaterbubble="false" camerashake="12.0" />
      </StatusEffect>
      <StatusEffect type="OnUse" target="Contained">
        <Use />
      </StatusEffect>
      <RequiredItems items="ST_Pistolmag" type="Contained" msg="ItemMsgAmmoRequired" />
      <RequiredSkill identifier="weapons" level="50" />
    </RangedWeapon>
    <ItemContainer capacity="1" maxstacksize="1" hideitems="true" containedstateindicatorslot="0" containedstateindicatorstyle="bullet" containedspritedepth="0.56">
      <Containable items="ST_Pistolmag" itempos="4,-12" />
      <SlotIcon slotindex="0" texture="Content/UI/StatusMonitorUI.png" sourcerect="256,448,64,64" origin="0.5,0.5" />
      <SlotIcon slotindex="1" texture="Content/UI/StatusMonitorUI.png" sourcerect="320,448,64,64" origin="0.5,0.5" />
    </ItemContainer>
    <aitarget sightrange="0" soundrange="4000" fadeouttime="5" />
    <Quality>
      <QualityStat stattype="FirepowerMultiplier" value="0.1" />
    </Quality>
    <SkillRequirementHint identifier="weapons" level="50" />
  </Item>
  <Item name="Pistolmag" identifier="ST_Pistolmag" maxstacksize="8" maxstacksizecharacterinventory="2" scale="0.5" category="Weapon" allowasextracargo="true" cargocontaineridentifier="metalcrate" linkable="true" tags="smallitem,assaultrifleammo,handheldammo" impactsoundtag="impact_metal_light">
    <PreferredContainer primary="ST_VekCP1" minamount="1" maxamount="1" spawnprobability="1" />
    <PreferredContainer primary="armcab" secondary="secarmcab" />
    <Price baseprice="300" sold="false" minleveldifficulty="60" displaynonempty="true">
      <Price storeidentifier="merchantoutpost" multiplier="1.4" />
      <Price storeidentifier="merchantcity" multiplier="1.25" />
      <Price storeidentifier="merchantresearch" multiplier="1.25" />
      <Price storeidentifier="merchantmilitary" sold="true" multiplier="0.9" minavailable="0" maxavailable="4" />
      <Price storeidentifier="merchantmine" multiplier="1.25" />
    </Price>
    <Fabricate suitablefabricators="fabricator" requiredtime="35" requiresrecipe="true">
      <RequiredSkill identifier="weapons" level="40" />
      <RequiredItem identifier="magnesium" />
      <RequiredItem tag="advmunition_tip" description="fabricationdescription.advmunition_tip" />
      <RequiredItem tag="advmunition_core" description="fabricationdescription.advmunition_core" />
      <RequiredItem tag="advmunition_jacket" description="fabricationdescription.advmunition_jacket" />
      <RequiredItem identifier="steel" />
    </Fabricate>
    <Fabricate suitablefabricators="fabricator" requiredtime="35" displayname="recycleitem" requiresrecipe="true">
      <RequiredSkill identifier="weapons" level="40" />
      <RequiredItem identifier="magnesium" />
      <RequiredItem tag="advmunition_tip" description="fabricationdescription.advmunition_tip" />
      <RequiredItem tag="advmunition_core" description="fabricationdescription.advmunition_core" />
      <RequiredItem tag="advmunition_jacket" description="fabricationdescription.advmunition_jacket" />
      <RequiredItem identifier="CWC_Berettmag" mincondition="0.0" maxcondition="0.1" usecondition="false" />
    </Fabricate>%ModDir%/Items/Guns/Federation_guns1.png
    <Deconstruct time="15"><Item identifier="steel" /></Deconstruct><InventoryIcon texture="%ModDir%/Items/Guns/Federation_guns1.png" sourcerect="94,347,22,38" origin="0.49173167,0.46976575" /><Sprite texture="%ModDir%/Items/Guns/Federation_guns1.png" sourcerect="94,347,22,38" depth="0.55" origin="0.48398474,0.531821" /><Body width="28" height="40" density="25" /><ItemContainer hideitems="true" capacity="1" drawinventory="false" canbeselected="false" ShowConditionInContainedStateIndicator="true" SpawnWithId="CWC_9mm" removecontaineditemsondeconstruct="true" containedstateindicatorstyle="bullet"><Containable items="CWC_9mm" /><StatusEffect type="OnUse" target="This" condition="-3.3" disabledeltatime="true"><SpawnItem identifiers="CWC_9mm" spawnposition="ThisInventory" /></StatusEffect></ItemContainer><Holdable canBeCombined="true" slots="Any,RightHand,LeftHand" handle1="0,0" msg="ItemMsgPickUpSelect" /></Item>
  <Item name="E-Pulse 88" identifier="ST_Pulse88" aliases="coil rifle" category="Equipment,Weapon" cargocontaineridentifier="ek_weapons_case" tags="mediumitem,weapon,gun,ek_ammotag_laserrifle,gunsmith,mountableweapon" Scale="0.30" impactsoundtag="impact_metal_light">
    <!--<Price storeidentifier="merchantResearch" buyprice="80" />-->
    <Price baseprice="1200" soldeverywhere="false">
      <Price storeidentifier="merchantoutpost" multiplier="1.25" sold="false" />
      <Price storeidentifier="merchantcity" multiplier="1" sold="false" />
      <Price storeidentifier="merchantresearch" multiplier="1.25" sold="false" />
      <Price storeidentifier="merchantmilitary" multiplier="1.5" sold="false" />
      <Price storeidentifier="merchantmine" multiplier="0.75" sold="false" />
    </Price>
    <Deconstruct time="20">
      <Item identifier="ek_weaponparts" outcondition="0.25" />
      <Item identifier="ek_laserparts" outcondition="0.5" />
      <Item identifier="aluminium" />
      <Item identifier="fulgurium" outcondition="0.5" />
      <Item identifier="fpgacircuit" />
    </Deconstruct>
    <Fabricate suitablefabricators="fabricator" requiredtime="30">
      <RequiredSkill identifier="weapons" level="60" />
      <RequiredItem identifier="ek_weaponparts" mincondition="0.5" usecondition="true" />
      <RequiredItem identifier="ek_laserparts" mincondition="0.5" usecondition="true" />
      <RequiredItem identifier="aluminium" />
      <RequiredItem identifier="fulgurium" mincondition="0.5" usecondition="true" />
      <RequiredItem identifier="fpgacircuit" />
    </Fabricate>
    <InventoryIcon texture="%ModDir%/Items/Guns/Federation_guns1.png" sourcerect="17,4,496,102" origin="0.1726477,0.20090222" />
    <Sprite texture="%ModDir%/Items/Guns/Federation_guns1.png" sourcerect="17,5,495,100" depth="0.55" origin="0.15650354,0.24157177" />
    <ContainedSprite name="Depth Fix" allowedcontainertags="weapons_cabinet" texture="%ModDir%/Items/Guns/Federation_guns1.png" sourcerect="17,4,495,101" depth="0.83" origin="0.48767206,0.6022543" />
    <Body width="176" height="64" density="50" />
    <Holdable slots="Any,RightHand+LeftHand" controlpose="true" holdpos="45,-10" aimpos="50,5" handle1="-30,-25" handle2="105,-15" holdangle="-40" msg="ItemMsgPickUpSelect" />
    <!-- barrelpos="48,2" holdpos="45,-10" aimpos="50,10" handle1="-18,-21" handle2="102,-19" holdangle="-40" -->
    <RangedWeapon barrelpos="154,10" spread="0.5" unskilledspread="18" reload="0.12" combatPriority="55" drawhudwhenequipped="true" crosshairscale="0.2">
      <Crosshair texture="Content/Items/Weapons/Crosshairs.png" sourcerect="0,256,256,256" />
      <CrosshairPointer texture="Content/Items/Weapons/Crosshairs.png" sourcerect="256,256,256,256" />
      <ParticleEmitter particle="ekmuzzleflamelaserrifle" particleamount="1" velocitymin="0" velocitymax="0" />
      <ParticleEmitter particle="ekmuzzlebreaklaserrifle" particleamount="1" velocitymin="0" velocitymax="0" />
      <Sound file="%ModDir%/Items/Weapons/ek_laserrifle_mono.ogg" type="OnUse" range="3000" />
      <StatusEffect type="OnUse">
        <Explosion range="140.0" force="0.3" shockwave="false" smoke="false" flames="false" flash="false" sparks="false" underwaterbubble="false" camerashake="4.0" />
      </StatusEffect>
      <StatusEffect type="OnUse" target="Contained">
        <RequiredItem identifiers="ST_LibertyCell" type="Contained" />
        <Use />
      </StatusEffect>
      <RequiredItems identifier="ST_LibertyCell" type="Contained" msg="ItemMsgAmmoRequired" />
      <RequiredSkill identifier="weapons" level="45" />
    </RangedWeapon>
    <ItemContainer autofill="False" capacity="1" maxstacksize="1" canbeselected="false" hideitems="true" itempos="46,-28">
      <ContainedStateIndicator texture="Content/UI/ContainerIndicators.png" sourcerect="0,184,120,32" />
      <Containable identifiers="ST_LibertyCell" />
      <StatusEffect type="OnUse" target="Contained">
        <RequiredItem identifiers="ST_LibertyCell" type="Contained" />
        <Use />
      </StatusEffect>
      <StatusEffect type="Always" target="This" condition="100" setvalue="true" />
    </ItemContainer>
    <Quality>
      <QualityStat stattype="FirepowerMultiplier" value="0.15" />
    </Quality>
  </Item>
  <Item name="Federation Cell" identifier="ST_LibertyCell" aliases="laser rifle mag,laserrifle mag" scale="0.35" category="Equipment,Weapon" cargocontaineridentifier="metalcrate" tags="smallitem,ek_laserrifle_mags,magazine,loadable" impactsoundtag="impact_metal_light" maxstacksize="2">
    <PreferredContainer primary="ek_ammotag_laserrifle" />
    <!--<Price storeidentifier="merchantMilitary" buyprice="25" />
    <Price storeidentifier="merchantCity" buyprice="50" />
    <Price storeidentifier="merchantOutpost" buyprice="60" />-->
    <Price baseprice="150" soldeverywhere="false">
      <Price storeidentifier="merchantoutpost" multiplier="1.25" sold="false" />
      <Price storeidentifier="merchantcity" multiplier="1" sold="false" />
      <Price storeidentifier="merchantresearch" multiplier="1.25" sold="false" />
      <Price storeidentifier="merchantmilitary" multiplier="1.5" sold="false" />
      <Price storeidentifier="merchantmine" multiplier="0.75" sold="false" />
    </Price>
    <Deconstruct time="10">
      <Item identifier="steel" />
      <Item identifier="batterycell" outcondition="0.01" />
      <Item identifier="fpgacircuit" />
    </Deconstruct>
    <Fabricate suitablefabricators="fabricator" requiredtime="20">
      <RequiredSkill identifier="electrical" level="40" />
      <RequiredItem identifier="steel" />
      <RequiredItem identifier="batterycell" />
      <RequiredItem identifier="fpgacircuit" />
    </Fabricate>
    <Sprite texture="%ModDir%/Items/Guns/Federation_guns1.png" depth="0.56" sourcerect="138,415,38,24" origin="0.5,0.5" />
    <ContainedSprite name="Laser Rifle Mag" allowedcontainertags="weapon" texture="%ModDir%/Items/Guns/Federation_guns1.png" depth="0.56" sourcerect="138,414,38,25" origin="0.5,0.5" />
    <Body width="48" height="60" density="50" />
    <Holdable slots="Any,RightHand,LeftHand" holdpos="0,0" handle1="0,0" holdangle="-5" aimable="false" msg="ItemMsgPickUpSelect" canBeCombined="true" />
    <ItemContainer autofill="False" hideitems="true" capacity="1" maxstacksize="1" SpawnWithId="ST_Laserround" removecontaineditemsondeconstruct="true" drawinventory="false" canbeselected="false" ShowConditionInContainedStateIndicator="true">
      <Containable identifiers="ST_Laserround" />
      <ContainedStateIndicator texture="Content/UI/ContainerIndicators.png" sourcerect="0,184,120,32" />
      <StatusEffect type="OnUse" target="This" condition="-4" disabledeltatime="true" />
      <StatusEffect type="OnUse" target="This" disabledeltatime="true">
        <SpawnItem identifiers="ST_Laserround" spawnposition="ThisInventory" />
      </StatusEffect>
    </ItemContainer>
  </Item>
  <Item name="" identifier="ST_Laserround" category="Misc" spritecolor="150,140,120,255" inventoryiconcolor="150,140,120,255" scale="0.32" hideinmenus="true">
    <InventoryIcon texture="%ModDir%/Items/Guns/Federation_guns1.png" sourcerect="138,414,38,25" origin="0.5,0.5" />
    <Sprite texture="%ModDir%/Items/Guns/Federation_guns1.png" sourcerect="138,414,38,25" depth="0.55" origin="0.5,0.5" />
    <Body width="40" height="14" density="40" />
    <Holdable slots="RightHand+LeftHand" holdpos="0,-50" handle1="-10,0" handle2="10,0" aimable="false" />
    <Projectile characterusable="false" launchimpulse="80.0" hitscan="true" removeonhit="true">
      <ParticleEmitter particle="eklaserrifletracer" particleamount="1" velocitymin="0" velocitymax="0" colormultiplier="255,255,255,125" scalemultiplier="1,1" />
      <Attack structuredamage="2" itemdamage="26" stun="0.16" severlimbsprobability="0.05" targetforce="10">
        <Affliction identifier="gunshotwound" strength="15" />
        <Affliction identifier="burn" strength="21" />
        <Affliction identifier="bleeding" strength="10" />
      </Attack>
      <StatusEffect type="OnUse" target="Limb" disabledeltatime="true">
        <Affliction identifier="ek_piercing_physicoriumweak_effect" amount="200" />
      </StatusEffect>
      <StatusEffect type="OnNotContained" target="This" stackable="false" delay="2.5">
        <Remove />
      </StatusEffect>
      <StatusEffect type="OnImpact" target="UseTarget">
        <Conditional entitytype="eq Structure" />
        <Conditional hastag="eq door" />
        <ParticleEmitter particle="eklaserspark" copyentityangle="true" particleamount="4" anglemin="-90" anglemax="90" velocitymin="-250" velocitymax="-750" />
      </StatusEffect>
      <StatusEffect type="OnImpact" target="UseTarget">
        <ParticleEmitter particle="eklasersmoke" copyentityangle="true" particleamount="1" anglemin="-45" anglemax="45" velocitymin="-5" velocitymax="-25" />
        <ParticleEmitter particle="eklaserrifleflare" particleamount="1" />
      </StatusEffect>
      <StatusEffect type="OnBroken" target="This">
        <Remove />
      </StatusEffect>
      <StatusEffect type="OnNotContained" target="This" stackable="false" delay="5">
        <Remove />
      </StatusEffect>
    </Projectile>
  </Item>
</Items>