<?xml version="1.0" encoding="utf-8"?>
<Items>
  <Item name="Morita MK-2 (Shotgun)" identifier="st_moritamk2_shotgun_old" category="Weapon" cargocontaineridentifier="metalcrate" allowasextracargo="true" tags="mediumitem,weapon,gun,gunsmith,mountableweapon,provocativetohumanai" Scale="0.5" impactsoundtag="impact_metal_light">
    <PreferredContainer primary="secarmcab" secondary="armcab,weaponholder" />
    <Price baseprice="720" sold="false">
      <Price storeidentifier="merchantoutpost" multiplier="1.5" />
      <Price storeidentifier="merchantcity" multiplier="1.25" />
      <Price storeidentifier="merchantresearch" multiplier="1.25" />
      <Price storeidentifier="merchantmilitary" multiplier="0.9" />
      <Price storeidentifier="merchantmine" multiplier="1.25" />
    </Price>
    <Fabricate suitablefabricators="fabricator" requiredtime="75" requiresrecipe="true">
      <RequiredSkill identifier="weapons" level="65" />
      <RequiredItem identifier="physicorium" amount="2" />
      <RequiredItem identifier="titaniumaluminiumalloy" amount="3" />
      <RequiredItem identifier="rubber" />
    </Fabricate>
    <Deconstruct time="35">
      <Item identifier="physicorium" amount="2" />
      <Item identifier="titaniumaluminiumalloy" amount="2" />
      <Item identifier="rubber" />
    </Deconstruct>
    <InventoryIcon texture="%ModDir%/Items/Weapons/Federation_guns1.png" sourcerect="237,420,229,50" origin="0.5,0.5" />
    <Sprite texture="%ModDir%/Items/Weapons/Federation_guns1.png" sourcerect="237,419,229,51" depth="0.55" origin="0.55813956,0.52747256" />
    <Body width="220" height="50" density="25" />
    <Holdable slots="RightHand+LeftHand" controlpose="true" holdpos="45,-20" aimpos="57,-5" handle1="-20,-10" handle2="20,10" holdangle="-30">
      <StatusEffect type="OnActive" target="Character" SpeedMultiplier="0.9" setvalue="true" />
    </Holdable>
    <Wearable slots="Bag" msg="ItemMsgEquipSelect" canbeselected="false" canbepicked="true" pickkey="Select">
      <sprite name="Assault Rifle Worn" texture="%ModDir%/Items/Weapons/Federation_guns1.png" canbehiddenbyotherwearables="false" rotation="340" depth="0.6" sourcerect="234,342,231,65" limb="Waist" depthlimb="LeftArm" scale="0.5" origin="0.46210116,0.38771883" />
    </Wearable>
    <RangedWeapon reload="0.15" holdtrigger="true" barrelpos="100,20" spread="4" unskilledspread="16" combatPriority="80" drawhudwhenequipped="true" crosshairscale="0.2">
      <Crosshair texture="Content/Items/Weapons/Crosshairs.png" sourcerect="0,256,256,256" />
      <CrosshairPointer texture="Content/Items/Weapons/Crosshairs.png" sourcerect="256,256,256,256" />
      <ParticleEmitter particle="impactfirearm" particleamount="1" velocitymin="0" velocitymax="0" scalemultiplier="4.0,4.0" colormultiplier="255,200,200,200" />
      <Sound file="%ModDir%/Sounds/Weapons/556_firing.ogg" type="OnUse" range="3000" selectionmode="Random" soundmultiplier="1.075" frequencymultiplier="0.95" />
      <Sound file="%ModDir%/Sounds/Weapons/556_firing.ogg" type="OnUse" range="3000" selectionmode="Random" soundmultiplier="0.97" frequencymultiplier="1.095" />
      <Sound file="%ModDir%/Sounds/Weapons/556_firing.ogg" type="OnUse" range="3000" selectionmode="Random" soundmultiplier="0.91" frequencymultiplier="1.052" />
      <StatusEffect type="OnUse" target="This">
        <ParticleEmitter particle="casingfirearm" particleamount="1" anglemin="90" anglemax="150" velocitymin="50" velocitymax="250" CopyEntityAngle="true" />
        <Explosion range="150.0" force="1" shockwave="true" smoke="true" flames="false" sparks="false" underwaterbubble="false" camerashake="12.0" />
      </StatusEffect>
      <StatusEffect type="OnUse" target="Contained">
        <Use />
      </StatusEffect>
      <RequiredItems items="st_morita_mag" type="Contained" msg="ItemMsgAmmoRequired" />
      <RequiredItems items="st_morita_mag_ext" type="Contained" msg="ItemMsgAmmoRequired" />
      <RequiredSkill identifier="weapons" level="50" />
    </RangedWeapon>
    <ItemContainer capacity="1" maxstacksize="1" hideitems="false" containedstateindicatorslot="0" containedstateindicatorstyle="bullet" containedspritedepth="0.56">
      <Containable items="st_morita_mag" itempos="-51,-2" />
      <Containable items="st_morita_mag_ext" itempos="-51,-2" />
      <SlotIcon slotindex="0" texture="Content/UI/StatusMonitorUI.png" sourcerect="256,448,64,64" origin="0.5,0.5" />
      <SlotIcon slotindex="1" texture="Content/UI/StatusMonitorUI.png" sourcerect="320,448,64,64" origin="0.5,0.5" />
      <SubContainer capacity="1" maxstacksize="1">
        <Containable items="flashlight" hide="false" itempos="24,4" setactive="true" />
      </SubContainer>
    </ItemContainer>
    <aitarget sightrange="2000" soundrange="4000" fadeouttime="5" />
    <Quality>
      <QualityStat stattype="FirepowerMultiplier" value="0.1" />
    </Quality>
    <SkillRequirementHint identifier="weapons" level="50" />
  </Item>

  <Item name="Morita MK-1 (Carbine)" identifier="st_moritamk1_carbine" category="Weapon" cargocontaineridentifier="metalcrate" allowasextracargo="true" tags="mediumitem,weapon,gun,gunsmith,mountableweapon,provocativetohumanai" Scale="0.5" impactsoundtag="impact_metal_light">
    <PreferredContainer primary="secarmcab" secondary="armcab,weaponholder" />
    <Price baseprice="720" sold="false">
      <Price storeidentifier="merchantoutpost" multiplier="1.5" />
      <Price storeidentifier="merchantcity" multiplier="1.25" />
      <Price storeidentifier="merchantresearch" multiplier="1.25" />
      <Price storeidentifier="merchantmilitary" multiplier="0.9" />
      <Price storeidentifier="merchantmine" multiplier="1.25" />
    </Price>
    <Fabricate suitablefabricators="fabricator" requiredtime="75" requiresrecipe="true">
      <RequiredSkill identifier="weapons" level="65" />
      <RequiredItem identifier="physicorium" amount="2" />
      <RequiredItem identifier="titaniumaluminiumalloy" amount="3" />
      <RequiredItem identifier="rubber" />
    </Fabricate>
    <Deconstruct time="35">
      <Item identifier="physicorium" amount="2" />
      <Item identifier="titaniumaluminiumalloy" amount="2" />
      <Item identifier="rubber" />
    </Deconstruct>
    <InventoryIcon texture="%ModDir%/Items/Weapons/Federation_guns1.png" sourcerect="236,190,182,64" origin="0.5,0.5" />
    <Sprite texture="%ModDir%/Items/Weapons/Federation_guns1.png" sourcerect="234,265,185,56" depth="0.55" origin="0.55813956,0.52747256" />
    <Body width="220" height="50" density="25" />
    <Holdable slots="RightHand+LeftHand" controlpose="true" holdpos="45,-20" aimpos="57,-5" handle1="-20,-10" handle2="20,10" holdangle="-30">
      <StatusEffect type="OnActive" target="Character" SpeedMultiplier="0.9" setvalue="true" />
    </Holdable>
    <Wearable slots="Bag" msg="ItemMsgEquipSelect" canbeselected="false" canbepicked="true" pickkey="Select">
      <sprite name="Carbine worn" texture="%ModDir%/Items/Weapons/Federation_guns1.png" canbehiddenbyotherwearables="false" rotation="340" depth="0.6" sourcerect="235,190,183,64" limb="Waist" depthlimb="LeftArm" scale="0.5" origin="0.46210116,0.38771883" />
    </Wearable>
    <RangedWeapon reload="0.15" holdtrigger="true" barrelpos="100,20" spread="4" unskilledspread="16" combatPriority="80" drawhudwhenequipped="true" crosshairscale="0.2">
      <Crosshair texture="Content/Items/Weapons/Crosshairs.png" sourcerect="0,256,256,256" />
      <CrosshairPointer texture="Content/Items/Weapons/Crosshairs.png" sourcerect="256,256,256,256" />
      <ParticleEmitter particle="impactfirearm" particleamount="1" velocitymin="0" velocitymax="0" scalemultiplier="4.0,4.0" colormultiplier="255,200,200,200" />
      <Sound file="%ModDir%/Sounds/Weapons/556_firing.ogg" type="OnUse" range="3000" selectionmode="Random" soundmultiplier="1.075" frequencymultiplier="0.95" />
      <Sound file="%ModDir%/Sounds/Weapons/556_firing.ogg" type="OnUse" range="3000" selectionmode="Random" soundmultiplier="0.97" frequencymultiplier="1.095" />
      <Sound file="%ModDir%/Sounds/Weapons/556_firing.ogg" type="OnUse" range="3000" selectionmode="Random" soundmultiplier="0.91" frequencymultiplier="1.052" />
      <StatusEffect type="OnUse" target="This">
        <ParticleEmitter particle="casingfirearm" particleamount="1" anglemin="90" anglemax="150" velocitymin="50" velocitymax="250" CopyEntityAngle="true" />
        <Explosion range="150.0" force="1" shockwave="true" smoke="true" flames="false" sparks="false" underwaterbubble="false" camerashake="12.0" />
      </StatusEffect>
      <StatusEffect type="OnUse" target="Contained">
        <Use />
      </StatusEffect>
      <RequiredItems items="st_morita_mag" type="Contained" msg="ItemMsgAmmoRequired" />
      <RequiredItems items="st_morita_mag_ext" type="Contained" msg="ItemMsgAmmoRequired" />
      <RequiredSkill identifier="weapons" level="50" />
    </RangedWeapon>
    <ItemContainer capacity="1" maxstacksize="1" hideitems="false" containedstateindicatorslot="0" containedstateindicatorstyle="bullet" containedspritedepth="0.56">
      <Containable items="st_morita_mag" itempos="-41,-2" />
      <Containable items="st_morita_mag_ext" itempos="-41,-2" />
      <SlotIcon slotindex="0" texture="Content/UI/StatusMonitorUI.png" sourcerect="256,448,64,64" origin="0.5,0.5" />
      <SlotIcon slotindex="1" texture="Content/UI/StatusMonitorUI.png" sourcerect="320,448,64,64" origin="0.5,0.5" />
      <SubContainer capacity="1" maxstacksize="1">
        <Containable items="flashlight" hide="false" itempos="24,4" setactive="true" />
      </SubContainer>
    </ItemContainer>
    <aitarget sightrange="2000" soundrange="4000" fadeouttime="5" />
    <Quality>
      <QualityStat stattype="FirepowerMultiplier" value="0.1" />
    </Quality>
    <SkillRequirementHint identifier="weapons" level="50" />
  </Item>


  <Item name="" identifier="st_morita1_round" category="Weapon" interactthroughwalls="true" cargocontaineridentifier="metalcrate" tags="smallitem" impactsoundtag="impact_metal_light" hideinmenus="true" scale="0.5">
    <InventoryIcon texture="Content/Items/InventoryIconAtlas.png" sourcerect="896,960,64,64" origin="0.5,0.5" />
    <Sprite texture="Content/Items/Weapons/weapons_new.png" sourcerect="195,282,17,6" depth="0.55" origin="0.5,0.5" />
    <Body width="40" height="14" density="30" />
    <Pickable slots="Any" msg="ItemMsgPickUpSelect" />
    <Projectile characterusable="false" hitscan="true" removeonhit="true">
      <ParticleEmitter particle="tracerfirearm" particleamount="1" velocitymin="0" velocitymax="0" colormultiplier="255,255,115,175" scalemultiplier="1,0.6" />
      <Attack structuredamage="4" targetforce="5" itemdamage="4" severlimbsprobability="0.1">
        <Affliction identifier="gunshotwound" strength="12.5" />
        <Affliction identifier="bleeding" strength="12.5" />
        <Affliction identifier="stun" strength="0.2" probability="0.1" />
      </Attack>
      <StatusEffect type="OnImpact" target="UseTarget">
        <ParticleEmitter particle="impactfirearm" particleamount="1" velocitymin="0" velocitymax="0" />
      </StatusEffect>
      <StatusEffect type="OnImpact" target="UseTarget">
        <Conditional entitytype="eq Structure" />
        <Conditional hastag="eq door" />
        <ParticleEmitter particle="spark" copyentityangle="true" anglemin="-10" anglemax="10" particleamount="5" velocitymin="-10" velocitymax="-200" scalemin="0.5" scalemax="1" />
      </StatusEffect>
      <!-- rounds should not exist outside magazines -->
      <StatusEffect type="OnNotContained" target="This" stackable="false" delay="1">
        <Remove />
      </StatusEffect>
    </Projectile>
    <Upgrade gameversion="0.10.0.0" scale="0.5" />
  </Item>
  <Item name="" identifier="st_morita1_magazine" maxstacksize="8" maxstacksizecharacterinventory="2" scale="0.5" category="Weapon" cargocontaineridentifier="metalcrate" linkable="true" tags="smallitem,morita1ammo,handheldammo" impactsoundtag="impact_metal_light">
    <PreferredContainer primary="st_moritamk2_shotgun" amount="1" spawnprobability="1" />
    <PreferredContainer primary="armcab" amount="1" spawnprobability="1" notcampaign="true" notpvp="true" />
    <PreferredContainer secondary="outpostsecarmcab" minamount="1" maxamount="2" spawnprobability="0.5" />
    <PreferredContainer secondary="wrecksecarmcab" minamount="1" maxamount="2" spawnprobability="0.2" />
    <PreferredContainer secondary="secarmcab" />
    <PreferredContainer secondary="respawncontainer_kingofthehull" amount="8" spawnprobability="1" notcampaign="true"/>
    <Price baseprice="100" displaynonempty="true" minleveldifficulty="15">
      <Price storeidentifier="merchantoutpost" sold="false" multiplier="1.5" />
      <Price storeidentifier="merchantcity" multiplier="1.25" minavailable="2" sold="false" />
      <Price storeidentifier="merchantresearch" sold="false" multiplier="1.25" />
      <Price storeidentifier="merchantmilitary" multiplier="0.9" minavailable="4" />
      <Price storeidentifier="merchantmine" sold="false" multiplier="1.25" />
      <Price storeidentifier="merchantarmory" multiplier="0.9" minavailable="4" />
    </Price>
    <Fabricate suitablefabricators="fabricator" requiredtime="25" requiresrecipe="true">
      <RequiredSkill identifier="weapons" level="40" />
      <RequiredItem tag="munition_propulsion" description="fabricationdescription.munition_propulsion" />
      <RequiredItem tag="munition_core" description="fabricationdescription.munition_core" />
      <RequiredItem tag="munition_jacket" description="fabricationdescription.munition_jacket" />
      <RequiredItem identifier="steel" />
    </Fabricate>
    <Fabricate suitablefabricators="fabricator" requiredtime="15" requiresrecipe="true" displayname="recycleitem">
      <RequiredSkill identifier="weapons" level="40" />
      <RequiredItem tag="munition_propulsion" description="fabricationdescription.munition_propulsion" />
      <RequiredItem tag="munition_core" description="fabricationdescription.munition_core" />
      <RequiredItem tag="munition_jacket" description="fabricationdescription.munition_jacket" />
      <RequiredItem identifier="st_morita1_magazine" mincondition="0.0" maxcondition="0.1" usecondition="false" />
    </Fabricate>
    <Deconstruct time="10">
      <Item identifier="steel" />
    </Deconstruct>
    <InventoryIcon texture="Content/Items/InventoryIconAtlas.png" sourcerect="960,960,64,64" />
    <Sprite texture="Content/Items/Weapons/weapons_new.png" depth="0.54" sourcerect="146,157,21,44" origin="0.5,0.5" />
    <Body width="14" height="40" density="25" />
    <ItemContainer hideitems="true" capacity="1" drawinventory="false" canbeselected="false" ShowConditionInContainedStateIndicator="true" SpawnWithId="st_morita1_round" removecontaineditemsondeconstruct="true" containedstateindicatorstyle="bullet">
      <Containable items="st_morita1_round" />
      <!--Spawn a bullet on use. Condition -4.8 -> 21 shots per magazine.-->
      <StatusEffect type="OnUse" target="This" condition="-4" disabledeltatime="true">
        <SpawnItem identifiers="st_morita1_round" spawnposition="ThisInventory" />
      </StatusEffect>
    </ItemContainer>
    <!--Magazines can be combined to raise condition.-->
    <Holdable canBeCombined="true" slots="Any,RightHand,LeftHand" handle1="0,0" msg="ItemMsgPickUpSelect" />
    <Upgrade gameversion="0.10.0.0" scale="0.5" />
  </Item>
  <Item name="" identifier="st_moritamk2_shotgun" category="Weapon" cargocontaineridentifier="metalcrate" tags="smallautoweapon,smallitem,weapon,gun,gunsmith,provocativetohumanai,mountableweapon" Scale="0.5" impactsoundtag="impact_metal_light">
    <PreferredContainer primary="secarmcab" amount="1" spawnprobability="1" notcampaign="true" notpvp="true" />
    <PreferredContainer secondary="outpostsecarmcab" amount="1" spawnprobability="0.5" />
    <PreferredContainer secondary="wrecksecarmcab,abandonedsecarmcab,piratesecarmcab" amount="1" spawnprobability="0.25" />
    <PreferredContainer secondary="armcab,weaponholder" />
    <Price baseprice="390" minleveldifficulty="30">
      <Price storeidentifier="merchantoutpost" sold="false" multiplier="1.5" />
      <Price storeidentifier="merchantcity" multiplier="1.25" minavailable="1" sold="false" />
      <Price storeidentifier="merchantresearch" sold="false" multiplier="1.25" />
      <Price storeidentifier="merchantmilitary" multiplier="0.9" minavailable="2" />
      <Price storeidentifier="merchantmine" sold="false" multiplier="1.25" />
      <Price storeidentifier="merchantarmory" multiplier="0.9" minavailable="2" />
    </Price>
    <Fabricate suitablefabricators="fabricator" requiredtime="35" requiresrecipe="true">
      <RequiredSkill identifier="weapons" level="55" />
      <RequiredItem identifier="plastic" />
      <RequiredItem identifier="titaniumaluminiumalloy" amount="2" />
    </Fabricate>
    <Deconstruct time="10">
      <Item identifier="plastic" />
      <Item identifier="titaniumaluminiumalloy" />
    </Deconstruct>
    <InventoryIcon texture="Content/Items/InventoryIconAtlas.png" sourcerect="832,830,64,64" origin="0.5,0.5" />
    <Sprite texture="Content/Items/Weapons/weapons_new.png" sourcerect="0,121,144,80" depth="0.55" origin="0.5,0.5" />
    <Body width="140" height="60" density="25" />
    <Holdable slots="Any,RightHand,LeftHand" controlpose="true" holdpos="40,-10" aimpos="45,-10" handle1="-30,-15" handle2="26,5" holdangle="-35" msg="ItemMsgPickUpSelect" />
    <RangedWeapon reload="0.19" weapondamagemodifier="1.3" penetration="0.15" holdtrigger="true" barrelpos="64,9" spread="10" unskilledspread="16" combatPriority="80" drawhudwhenequipped="true" crosshairscale="0.2">
      <Crosshair texture="Content/Items/Weapons/Crosshairs.png" sourcerect="0,256,256,256" />
      <CrosshairPointer texture="Content/Items/Weapons/Crosshairs.png" sourcerect="256,256,256,256" />
      <ParticleEmitter particle="muzzleflash" particleamount="1" velocitymin="0" velocitymax="0" />
      <Sound file="Content/Items/Weapons/SMGsingleShot1.ogg" type="OnUse" range="3000" selectionmode="Random" />
      <Sound file="Content/Items/Weapons/SMGsingleShot2.ogg" type="OnUse" range="3000" />
      <Sound file="Content/Items/Weapons/SMGsingleShot3.ogg" type="OnUse" range="3000" />
      <Sound file="Content/Items/Weapons/SMGsingleShot4.ogg" type="OnUse" range="3000" />
      <Sound file="Content/Items/Weapons/SMGsingleShot5.ogg" type="OnUse" range="3000" />
      <Sound file="Content/Items/Weapons/SMGsingleShot6.ogg" type="OnUse" range="3000" />
      <StatusEffect type="OnUse" target="This">
        <ParticleEmitter particle="casingfirearm" particleamount="1" anglemin="90" anglemax="150" velocitymin="50" velocitymax="250" CopyEntityAngle="true" />
        <Explosion range="150.0" force="1.5" shockwave="false" smoke="false" flames="false" sparks="false" underwaterbubble="false" camerashake="12.0" />
      </StatusEffect>
      <!--"Use" contained magazine to spawn projectiles.-->
      <StatusEffect type="OnUse" target="Contained">
        <Use />
      </StatusEffect>
      <RequiredItems items="st_morita1_magazine" type="Contained" msg="ItemMsgAmmoRequired" />
      <RequiredSkill identifier="weapons" level="50" />
    </RangedWeapon>
    <ItemContainer capacity="1" maxstacksize="1" hideitems="false" containedstateindicatorslot="0" containedstateindicatorstyle="bullet" containedspritedepth="0.56">
      <Containable items="st_morita1_magazine" hide="false" itempos="4,-10" rotation="-30" />
      <SlotIcon slotindex="0" texture="Content/UI/StatusMonitorUI.png" sourcerect="256,448,64,64" origin="0.5,0.5" />
      <SlotIcon slotindex="1" texture="Content/UI/StatusMonitorUI.png" sourcerect="320,448,64,64" origin="0.5,0.5" />
      <SubContainer capacity="1" maxstacksize="1">
        <Containable items="flashlight" hide="false" itempos="22,-1" setactive="true" />
      </SubContainer>
    </ItemContainer>
    <aitarget sightrange="2000" soundrange="4000" fadeouttime="5" />
    <Quality>
      <QualityStat stattype="FirepowerMultiplier" value="0.1" />
    </Quality>
    <Upgrade gameversion="0.10.0.0" scale="0.5" />
    <SkillRequirementHint identifier="weapons" level="50" />
  </Item>





  <Item name="" identifier="st_morita2_round" tags="smallitem,miammo" category="Weapon" impactsoundtag="impact_metal_light" hideinmenus="true" scale="0.4">
    <InventoryIcon texture="Content/Items/InventoryIconAtlas.png" sourcerect="896,960,64,64" origin="0.5,0.5" />
    <Sprite texture="Content/Items/Weapons/weapons_new.png" sourcerect="195,282,17,6" depth="0.55" origin="0.5,0.5" />
    <Body width="40" height="14" density="30" />
    <Pickable slots="Any" msg="ItemMsgPickUpSelect" />
    <Projectile characterusable="false" hitscan="true" removeonhit="true">
      <ParticleEmitter particle="tracerfirearm" particleamount="1" velocitymin="0" velocitymax="0" colourmultiplier="255,255,115,150" scalemultiplier="1,0.68" />
      <Attack structuredamage="50" targetforce="3" itemdamage="60" severlimbsprobability="0.05" penetration="0.075">
        <Affliction identifier="gunshotwound" strength="140" />
        <Affliction identifier="bleeding" strength="40" />
        <Affliction identifier="explosiondamage" strength="150" />
        <Affliction identifier="stun" strength="0.2" probability="0.1" />
        <sound file="Content/Items/Weapons/ExplosionDebris5.ogg" type="OnUse" range="8000" volume=".1" />
        <ParticleEmitter particle="shrapnel" copyentityangle="true" anglemin="0" anglemax="360" particleamount="90" velocitymin="500" velocitymax="1000" scalemin="1.0" scalemax="1.5" />
        <ParticleEmitter particle="explosion" copyentityangle="true" anglemin="0" anglemax="360" particleamount="90" velocitymin="500" velocitymax="1000" scalemin="1.0" scalemax="1.5" />
        <Explosion range="650.0" structuredamage="15" ballastfloradamage="240" itemdamage="25" force="20" severlimbsprobability="0.5" decal="explosion" decalsize="1">
          <Affliction identifier="bleeding" strength="150" />
          <Affliction identifier="explosiondamage" strength="150" />
          <Affliction identifier="stun" strength="3" />
        </Explosion>
        <Explosion range="1600.0" structuredamage="0" ballastfloradamage="100" itemdamage="25" force="5" interactthroughwalls="false">
          <Affliction identifier="bleeding" strength="35" />
          <Affliction identifier="lacerations" strength="65" />
          <Affliction identifier="lacerations" strength="40" probability="0.25" />
        </Explosion>
      </Attack>
      <StatusEffect type="OnImpact" target="UseTarget">
        <ParticleEmitter particle="impactfirearm" particleamount="1" velocitymin="0" velocitymax="0" />
      </StatusEffect>
      <StatusEffect type="OnImpact" target="UseTarget">
        <Conditional entitytype="eq Structure" />
        <Conditional hastag="eq door" />
      </StatusEffect>
      <StatusEffect type="OnNotContained" target="This" stackable="false" delay="1">
        <Remove />
      </StatusEffect>
    </Projectile>
  </Item>
  <Item name="Morita Tonshi Magazine" identifier="st_moritatonshi_mag" maxstacksize="8" maxstacksizecharacterinventory="2" scale="0.5" category="Weapon" allowasextracargo="true" cargocontaineridentifier="metalcrate" linkable="true" tags="smallitem,assaultrifleammo,handheldammo" impactsoundtag="impact_metal_light">
    <PreferredContainer primary="assaultrifle" minamount="1" maxamount="1" spawnprobability="1" />
    <PreferredContainer primary="armcab" secondary="secarmcab" />
    <Price baseprice="300" sold="false" minleveldifficulty="60" displaynonempty="true">
      <Price storeidentifier="merchantoutpost" multiplier="1.4" />
      <Price storeidentifier="merchantcity" multiplier="1.25" />
      <Price storeidentifier="merchantresearch" multiplier="1.25" />
      <Price storeidentifier="merchantmilitary" sold="true" multiplier="0.9" minavailable="0" maxavailable="4" />
      <Price storeidentifier="merchantmine" multiplier="1.25" />
    </Price>
    <Fabricate suitablefabricators="fabricator" requiredtime="35" requiresrecipe="true">
      <RequiredSkill identifier="weapons" level="40" />
      <RequiredItem identifier="magnesium" />
      <RequiredItem tag="advmunition_tip" description="fabricationdescription.advmunition_tip" />
      <RequiredItem tag="advmunition_core" description="fabricationdescription.advmunition_core" />
      <RequiredItem tag="advmunition_jacket" description="fabricationdescription.advmunition_jacket" />
      <RequiredItem identifier="steel" />
    </Fabricate>
    <Fabricate suitablefabricators="fabricator" requiredtime="35" displayname="recycleitem" requiresrecipe="true">
      <RequiredSkill identifier="weapons" level="40" />
      <RequiredItem identifier="magnesium" />
      <RequiredItem tag="advmunition_tip" description="fabricationdescription.advmunition_tip" />
      <RequiredItem tag="advmunition_core" description="fabricationdescription.advmunition_core" />
      <RequiredItem tag="advmunition_jacket" description="fabricationdescription.advmunition_jacket" />
      <RequiredItem identifier="st_moritatonshi_mag" mincondition="0.0" maxcondition="0.1" usecondition="false" />
    </Fabricate>
    <Deconstruct time="15">
      <Item identifier="steel" />
    </Deconstruct>
    <InventoryIcon texture="%ModDir%/Items/Weapons/MI_Moritas.png" sourcerect="629,342,70,72" origin="0.5,0.5" />
    <Sprite texture="%ModDir%/Items/Weapons/MI_Moritas.png" sourcerect="629,342,70,72" depth="0.55" origin="0.5,0.5" />
    <Body width="28" height="40" density="25" />
    <ItemContainer hideitems="true" capacity="1" drawinventory="false" canbeselected="false" ShowConditionInContainedStateIndicator="true" SpawnWithId="st_morita2_round" removecontaineditemsondeconstruct="true" containedstateindicatorstyle="bullet">
      <Containable items="st_morita2_round" />
      <StatusEffect type="OnUse" target="This" condition="-10" disabledeltatime="true">
        <SpawnItem identifiers="st_morita2_round" spawnposition="ThisInventory" />
      </StatusEffect>
    </ItemContainer>
    <Holdable canBeCombined="true" slots="Any,RightHand,LeftHand" handle1="0,0" msg="ItemMsgPickUpSelect" />
  </Item>
  <Item name="Morita 2 (Tonshi)" identifier="st_moritatonshi" category="Weapon" cargocontaineridentifier="metalcrate" allowasextracargo="true" tags="mediumitem,weapon,gun,gunsmith,mountableweapon,provocativetohumanai" Scale="0.4" impactsoundtag="impact_metal_light">
    <PreferredContainer primary="secarmcab" secondary="armcab,weaponholder" />
    <Price baseprice="5500" sold="false">
      <Price storeidentifier="merchantoutpost" multiplier="1.5" />
      <Price storeidentifier="merchantcity" multiplier="1.25" />
      <Price storeidentifier="merchantresearch" multiplier="1.25" />
      <Price storeidentifier="merchantmilitary" multiplier="0.9" />
      <Price storeidentifier="merchantmine" multiplier="1.25" />
    </Price>
    <Fabricate suitablefabricators="fabricator" requiredtime="330" requiresrecipe="true">
      <RequiredSkill identifier="weapons" level="90" />
      <RequiredItem identifier="physicorium" amount="2" />
      <RequiredItem identifier="titaniumaluminiumalloy" amount="3" />
      <RequiredItem identifier="rubber" />
    </Fabricate>
    <Deconstruct time="35">
      <Item identifier="physicorium" amount="2" />
      <Item identifier="titaniumaluminiumalloy" amount="2" />
      <Item identifier="rubber" />
    </Deconstruct>
    <InventoryIcon texture="%ModDir%/Items/Weapons/MI_Moritas.png" sourcerect="10,375,350,103" origin="0.5,0.5" />
    <Sprite texture="%ModDir%/Items/Weapons/MI_Moritas.png" sourcerect="10,375,350,103" depth="0.55" origin="0.55813956,0.52747256" />
    <Body width="220" height="50" density="25" />
    <Holdable slots="RightHand+LeftHand" controlpose="true" holdpos="45,-20" aimpos="57,-5" handle1="-20,-10" handle2="20,10" holdangle="-30">
      <StatusEffect type="OnActive" target="Character" SpeedMultiplier="0.9" setvalue="true" />
    </Holdable>
    <Wearable slots="Bag" msg="ItemMsgEquipSelect" canbeselected="false" canbepicked="true" pickkey="Select">
      <sprite name="Carbine worn" texture="%ModDir%/Items/Weapons/MI_Moritas.png" canbehiddenbyotherwearables="false" rotation="340" depth="0.6" sourcerect="10,375,350,103" limb="Waist" depthlimb="LeftArm" scale="0.4" origin="0.46210116,0.38771883" />
    </Wearable>
    <RangedWeapon reload="3" holdtrigger="false" barrelpos="100,20" spread="2.5" unskilledspread="16" combatPriority="80" drawhudwhenequipped="true" crosshairscale="0.2">
      <Crosshair texture="Content/Items/Weapons/Crosshairs.png" sourcerect="0,256,256,256" />
      <CrosshairPointer texture="Content/Items/Weapons/Crosshairs.png" sourcerect="256,256,256,256" />
      <ParticleEmitter particle="impactfirearm" particleamount="1" velocitymin="0" velocitymax="0" scalemultiplier="4.0,4.0" colormultiplier="255,200,200,200" />
      <Sound file="%ModDir%/Sounds/Weapons/moritatonshi_firing.ogg" type="OnUse" range="3000" selectionmode="Random" />
      <StatusEffect type="OnUse" target="This">
        <ParticleEmitter particle="casingfirearm" particleamount="1" anglemin="90" anglemax="150" velocitymin="50" velocitymax="250" CopyEntityAngle="true" />
        <Explosion range="15.0" force="1" shockwave="true" smoke="true" flames="true" sparks="true" underwaterbubble="false" camerashake="12.0" origin="0.3,0.5" />
      </StatusEffect>
      <StatusEffect type="OnUse" target="Contained">
        <Use />
      </StatusEffect>
      <RequiredItems items="st_moritatonshi_mag" type="Contained" msg="ItemMsgAmmoRequired" />
      <RequiredSkill identifier="weapons" level="50" />
    </RangedWeapon>
    <ItemContainer capacity="1" maxstacksize="1" hideitems="false" containedstateindicatorslot="0" containedstateindicatorstyle="bullet" containedspritedepth="0.56">
      <Containable items="st_moritatonshi_mag" itempos="-41,-2" />
      <SlotIcon slotindex="0" texture="Content/UI/StatusMonitorUI.png" sourcerect="256,448,64,64" origin="0.5,0.5" />
      <SlotIcon slotindex="1" texture="Content/UI/StatusMonitorUI.png" sourcerect="320,448,64,64" origin="0.5,0.5" />
      <SubContainer capacity="1" maxstacksize="1">
        <Containable items="flashlight" hide="false" itempos="24,4" setactive="true" />
      </SubContainer>
    </ItemContainer>
    <aitarget sightrange="2000" soundrange="4000" fadeouttime="5" />
    <Quality>
      <QualityStat stattype="FirepowerMultiplier" value="0.1" />
    </Quality>
    <SkillRequirementHint identifier="weapons" level="50" />
  </Item>

</Items>